{
  "model_version": "decision-tree-v1",
  "generated_at": "2026-07-14T22:20:02.089984+00:00",
  "dataset_rows": 620,
  "train_rows": 496,
  "test_rows": 124,
  "random_state": 42,
  "accuracy": 0.9032,
  "precision_weighted": 0.9079,
  "recall_weighted": 0.9032,
  "f1_weighted": 0.9029,
  "confusion_matrix": [
    [
      67,
      3,
      1
    ],
    [
      1,
      17,
      6
    ],
    [
      0,
      1,
      28
    ]
  ],
  "classes": [
    "basico",
    "intermedio",
    "avanzado"
  ],
  "classification_report": {
    "basico": {
      "precision": 0.9852941176470589,
      "recall": 0.9436619718309859,
      "f1-score": 0.9640287769784173,
      "support": 71.0
    },
    "intermedio": {
      "precision": 0.8095238095238095,
      "recall": 0.7083333333333334,
      "f1-score": 0.7555555555555555,
      "support": 24.0
    },
    "avanzado": {
      "precision": 0.8,
      "recall": 0.9655172413793104,
      "f1-score": 0.875,
      "support": 29.0
    },
    "accuracy": 0.9032258064516129,
    "macro avg": {
      "precision": 0.8649393090569562,
      "recall": 0.8725041821812098,
      "f1-score": 0.864861444177991,
      "support": 124.0
    },
    "weighted avg": {
      "precision": 0.9079391433992953,
      "recall": 0.9032258064516129,
      "f1-score": 0.9028578749903304,
      "support": 124.0
    }
  },
  "feature_importance": {
    "errores_consecutivos": 0.393738,
    "nivel_actual_avanzado": 0.364707,
    "nivel_actual_intermedio": 0.111685,
    "aciertos_ultimos5": 0.05621,
    "racha_aciertos": 0.03098,
    "intentos_tema": 0.027527,
    "tiempo_promedio_seg": 0.015153,
    "nivel_actual_basico": 0.0
  },
  "evaluation_scope": "Validación técnica del clasificador; la eficacia educativa se calcula con actividad registrada en la plataforma."
}